Datum,Relativt arbetslöshetstal,Ungdomsarbetslöshetstal (under 25 år),Arbetslöshetstal 55 år o äldre,"Långtidsarbetslöshetstal, 6 mån +",Långtidsarbetslöshetstal under 25 år,Långtidsarbetslöshetstal 55 år o äldre,Lediga platser / arbetslösa,val,Antal,Primärnäringar_omsättning,Livsmedelsindustri_omsättning,Övrig industri_omsättning,"Vatten, gas, el, värme och avloppshantering_omsättning",Byggverksamhet_omsättning,Handel_omsättning,Transport_omsättning,Hotell och restaurang_omsättning,Finans och försäkring_omsättning,Företagstjänster_omsättning,Personliga tjänster_omsättning,Totalsumma_omsättning,Primärnäringar_lön,Livsmedelsindustri_lön,Övrig industri_lön,"Vatten, gas, el, värme och avloppshantering_lön",Byggverksamhet_lön,Handel_lön,Transport_lön,Hotell och restaurang_lön,Finans och försäkring_lön,Företagstjänster_lön,Personliga tjänster_lön,Totalsumma_lön,konsumenprisindex
2001-01-01,2.4,4.4,3.7,0.5,0.1,1.9,147.6,0.0,84192,2.3,4.1,7.6,2.8,5.8,27.6,47.0,1.7,0.7,5.2,0.5,105.4,2.3,4.1,7.6,2.8,5.8,27.6,47.0,1.7,0.7,5.2,0.5,105.4,2.6
2001-02-01,2.2,4.0,3.8,0.5,0.1,2.0,192.6,0.0,92147,1.9,4.3,7.2,2.7,5.6,23.6,49.2,1.4,0.8,6.1,0.6,103.4,1.9,4.3,7.2,2.7,5.6,23.6,49.2,1.4,0.8,6.1,0.6,103.4,2.9
2001-03-01,1.9,2.3,3.3,0.5,0.2,1.7,215.6,0.0,111820,0.7,4.5,8.3,3.5,6.3,28.4,54.4,1.8,0.9,6.3,0.8,115.9,0.7,4.5,8.3,3.5,6.3,28.4,54.4,1.8,0.9,6.3,0.8,115.9,2.6
2001-04-01,1.8,2.2,3.2,0.6,0.2,1.9,174.2,0.0,133019,1.3,6.2,7.7,2.9,5.6,29.3,54.0,1.9,0.9,7.7,0.8,118.2,1.3,6.2,7.7,2.9,5.6,29.3,54.0,1.9,0.9,7.7,0.8,118.2,2.9
2001-05-01,1.7,1.3,3.2,0.6,0.2,1.8,114.9,0.0,171879,2.0,4.4,8.2,2.3,7.7,33.9,60.1,3.5,1.4,6.6,1.1,131.3,2.0,4.4,8.2,2.3,7.7,33.9,60.1,3.5,1.4,6.6,1.1,131.3,3.2
2001-06-01,1.8,1.6,3.2,0.6,0.1,1.9,95.7,0.0,182552,1.8,5.8,8.7,3.0,8.9,33.1,59.3,4.5,1.6,8.2,1.3,136.1,1.8,5.8,8.7,3.0,8.9,33.1,59.3,4.5,1.6,8.2,1.3,136.1,2.8
2001-07-01,1.7,1.9,3.2,0.5,0.0,1.9,102.3,0.0,273173,1.3,4.7,6.1,2.2,5.5,32.7,72.0,6.8,0.9,6.8,1.7,140.7,1.3,4.7,6.1,2.2,5.5,32.7,72.0,6.8,0.9,6.8,1.7,140.7,2.0
2001-08-01,1.6,3.0,3.1,0.5,0.0,1.9,103.8,0.0,203682,1.6,5.4,7.4,2.5,5.9,33.3,60.4,5.2,0.8,8.1,1.2,131.6,1.6,5.4,7.4,2.5,5.9,33.3,60.4,5.2,0.8,8.1,1.2,131.6,2.3
2001-09-01,1.6,3.3,2.7,0.5,0.0,1.9,82.4,0.0,141255,1.6,4.5,8.4,2.9,6.7,29.3,53.0,3.1,0.9,6.6,0.8,117.8,1.6,4.5,8.4,2.9,6.7,29.3,53.0,3.1,0.9,6.6,0.8,117.8,1.6
2001-10-01,2.0,4.9,2.8,0.4,0.0,1.7,70.1,0.0,134396,2.3,5.2,9.2,2.8,8.0,33.5,55.7,2.2,1.0,11.0,0.8,131.8,2.3,5.2,9.2,2.8,8.0,33.5,55.7,2.2,1.0,11.0,0.8,131.8,1.6
2001-11-01,1.9,4.0,3.1,0.5,0.1,1.7,87.1,0.0,115503,3.0,5.1,8.8,3.0,7.7,31.1,55.8,2.0,1.2,8.3,0.8,126.8,3.0,5.1,8.8,3.0,7.7,31.1,55.8,2.0,1.2,8.3,0.8,126.8,1.5
2001-12-01,2.2,3.9,3.4,0.5,0.1,1.8,93.0,0.0,103958,3.6,5.5,7.2,4.2,8.0,35.2,50.8,2.1,0.9,11.0,0.9,129.5,3.6,5.5,7.2,4.2,8.0,35.2,50.8,2.1,0.9,11.0,0.9,129.5,1.7
2002-01-01,2.3,4.5,3.3,0.5,0.1,1.6,168.7,0.0,59334,1.7,4.2,7.5,3.1,6.1,26.9,41.7,1.5,0.8,6.4,0.7,100.7,1.7,4.2,7.5,3.1,6.1,26.9,41.7,1.5,0.8,6.4,0.7,100.7,2.4
2002-02-01,2.1,4.0,2.9,0.4,0.1,1.5,208.8,0.0,87403,1.1,4.6,7.1,1.5,5.5,24.2,45.2,1.3,0.6,7.7,0.7,99.5,1.1,4.6,7.1,1.5,5.5,24.2,45.2,1.3,0.6,7.7,0.7,99.5,1.9
2002-03-01,1.7,2.8,2.8,0.6,0.2,1.7,208.3,0.0,122769,1.2,4.9,7.7,3.2,6.4,28.8,53.1,1.7,0.7,7.5,0.8,116.1,1.2,4.9,7.7,3.2,6.4,28.8,53.1,1.7,0.7,7.5,0.8,116.1,2.3
2002-04-01,1.5,1.4,2.6,0.5,0.2,1.7,213.7,0.0,122077,1.6,6.1,8.0,2.5,6.4,31.8,52.7,2.1,0.9,9.0,0.9,122.1,1.6,6.1,8.0,2.5,6.4,31.8,52.7,2.1,0.9,9.0,0.9,122.1,2.2
2002-05-01,1.6,1.8,2.9,0.5,0.2,1.6,155.3,0.0,178639,1.1,3.8,8.8,1.8,8.2,35.2,59.9,3.9,0.7,8.5,1.2,133.2,1.1,3.8,8.8,1.8,8.2,35.2,59.9,3.9,0.7,8.5,1.2,133.2,1.8
2002-06-01,1.5,2.2,2.4,0.5,0.2,1.5,125.5,0.0,178289,1.5,5.8,7.6,2.7,6.7,31.6,57.1,4.5,1.3,9.0,1.1,128.8,1.5,5.8,7.6,2.7,6.7,31.6,57.1,4.5,1.3,9.0,1.1,128.8,1.8
2002-07-01,1.5,2.1,2.4,0.0,0.0,0.0,104.0,0.0,279009,1.2,5.3,7.4,2.1,5.2,33.9,70.3,6.9,0.6,8.0,1.8,142.8,1.2,5.3,7.4,2.1,5.2,33.9,70.3,6.9,0.6,8.0,1.8,142.8,2.1
2002-08-01,1.7,1.9,2.4,0.4,0.2,1.3,88.9,0.0,207001,0.8,4.9,7.3,2.0,6.6,32.5,59.2,5.1,0.6,8.7,1.2,128.9,0.8,4.9,7.3,2.0,6.6,32.5,59.2,5.1,0.6,8.7,1.2,128.9,2.1
2002-09-01,1.6,4.5,2.3,0.4,0.2,1.3,64.7,0.0,140272,1.4,5.2,8.7,2.8,7.1,30.9,51.1,3.1,1.9,7.9,1.0,121.1,1.4,5.2,8.7,2.8,7.1,30.9,51.1,3.1,1.9,7.9,1.0,121.1,2.3
2002-10-01,1.9,4.3,2.5,0.4,0.2,1.2,42.9,0.0,127566,1.9,5.0,9.5,2.9,10.0,33.1,57.5,2.2,0.9,9.5,0.9,133.5,1.9,5.0,9.5,2.9,10.0,33.1,57.5,2.2,0.9,9.5,0.9,133.5,2.5
2002-11-01,2.0,4.3,2.5,0.4,0.2,1.2,47.1,0.0,113006,2.3,5.1,8.0,2.9,7.9,31.3,61.2,1.9,3.2,8.5,0.8,133.0,2.3,5.1,8.0,2.9,7.9,31.3,61.2,1.9,3.2,8.5,0.8,133.0,2.1
2002-12-01,2.1,3.7,2.7,0.4,0.2,1.1,54.0,0.0,103039,3.1,5.9,8.1,4.8,9.7,37.7,56.3,2.0,1.3,11.1,0.9,140.9,3.1,5.9,8.1,4.8,9.7,37.7,56.3,2.0,1.3,11.1,0.9,140.9,2.2
2003-01-01,2.2,4.8,2.6,0.3,0.2,0.9,165.3,0.0,75294,1.2,4.1,7.8,4.3,7.5,27.9,49.8,1.5,1.1,8.4,0.7,114.2,1.2,4.1,7.8,4.3,7.5,27.9,49.8,1.5,1.1,8.4,0.7,114.2,1.4
2003-02-01,2.1,5.7,2.5,0.4,0.3,0.9,185.7,0.0,88470,0.8,4.1,8.1,3.5,7.5,28.6,52.2,1.4,1.0,8.3,0.8,116.4,0.8,4.1,8.1,3.5,7.5,28.6,52.2,1.4,1.0,8.3,0.8,116.4,1.8
2003-03-01,2.0,4.6,2.5,0.4,0.2,1.0,194.7,0.0,107974,0.6,4.9,8.0,3.6,7.9,32.2,65.1,1.7,0.8,9.1,0.9,134.7,0.6,4.9,8.0,3.6,7.9,32.2,65.1,1.7,0.8,9.1,0.9,134.7,1.4
2003-04-01,1.6,3.0,2.3,0.4,0.2,1.2,215.0,0.0,122458,1.0,5.9,8.2,3.1,8.1,32.7,58.8,2.0,1.2,9.5,0.9,131.6,1.0,5.9,8.2,3.1,8.1,32.7,58.8,2.0,1.2,9.5,0.9,131.6,0.6
2003-05-01,1.5,3.1,1.8,0.4,0.2,0.9,147.2,0.0,178164,1.1,4.2,7.1,2.2,8.5,34.7,64.2,3.7,2.3,8.1,1.2,137.1,1.1,4.2,7.1,2.2,8.5,34.7,64.2,3.7,2.3,8.1,1.2,137.1,0.5
2003-06-01,1.6,4.0,1.7,0.4,0.3,0.8,123.8,0.0,172328,1.4,6.1,10.6,3.3,10.1,37.3,59.7,4.7,2.2,11.3,1.2,147.9,1.4,6.1,10.6,3.3,10.1,37.3,59.7,4.7,2.2,11.3,1.2,147.9,0.6
2003-07-01,1.7,3.0,2.0,0.3,0.2,0.8,105.4,0.0,284414,1.2,5.0,7.1,2.3,5.8,35.4,74.2,7.3,1.0,8.1,1.6,149.1,1.2,5.0,7.1,2.3,5.8,35.4,74.2,7.3,1.0,8.1,1.6,149.1,0.4
2003-08-01,1.9,3.3,1.9,0.4,0.2,1.0,63.7,0.0,190159,1.0,4.6,8.0,2.4,7.7,32.0,57.0,5.4,1.2,10.7,1.3,131.2,1.0,4.6,8.0,2.4,7.7,32.0,57.0,5.4,1.2,10.7,1.3,131.2,0.5
2003-09-01,2.0,5.0,1.8,0.4,0.1,1.0,49.6,0.0,156035,1.2,4.9,8.8,3.1,10.1,34.5,53.7,3.2,0.9,9.4,1.2,131.0,1.2,4.9,8.8,3.1,10.1,34.5,53.7,3.2,0.9,9.4,1.2,131.0,-0.2
2003-10-01,2.2,4.9,2.3,0.3,0.1,0.9,40.1,0.0,152680,1.9,5.2,9.6,3.2,10.5,35.2,61.2,2.3,1.1,10.9,0.9,142.0,1.9,5.2,9.6,3.2,10.5,35.2,61.2,2.3,1.1,10.9,0.9,142.0,0.2
2003-11-01,2.3,5.3,2.4,0.3,0.2,0.9,41.3,0.0,127315,2.3,4.6,8.8,2.9,9.1,33.8,60.8,1.7,1.2,8.6,0.9,134.7,2.3,4.6,8.8,2.9,9.1,33.8,60.8,1.7,1.2,8.6,0.9,134.7,0.4
2003-12-01,2.3,4.7,2.9,0.3,0.1,1.0,58.2,0.0,114666,2.9,6.3,11.1,3.8,10.9,40.1,52.9,2.3,2.3,11.9,1.1,145.6,2.9,6.3,11.1,3.8,10.9,40.1,52.9,2.3,2.3,11.9,1.1,145.6,0.2
2004-01-01,2.8,6.9,2.9,0.4,0.2,0.9,85.7,0.0,99033,1.7,3.8,6.3,3.5,7.4,27.3,49.3,1.7,2.2,7.0,0.7,110.9,1.7,3.8,6.3,3.5,7.4,27.3,49.3,1.7,2.2,7.0,0.7,110.9,0.0
2004-02-01,2.7,5.3,2.8,0.4,0.2,1.1,124.0,0.0,120619,0.8,4.4,7.1,3.1,8.1,29.2,54.7,1.7,0.9,8.3,0.7,118.9,0.8,4.4,7.1,3.1,8.1,29.2,54.7,1.7,0.9,8.3,0.7,118.9,0.1
2004-03-01,2.0,3.2,2.3,0.5,0.2,1.2,139.4,0.0,122541,1.1,5.2,9.1,3.8,9.2,35.3,57.8,1.9,1.1,7.8,1.1,133.4,1.1,5.2,9.1,3.8,9.2,35.3,57.8,1.9,1.1,7.8,1.1,133.4,-0.6
2004-04-01,2.0,3.6,2.4,0.5,0.2,1.2,121.2,0.0,143133,0.9,5.8,8.8,3.2,8.9,34.7,53.0,2.0,1.0,8.2,1.0,127.4,0.9,5.8,8.8,3.2,8.9,34.7,53.0,2.0,1.0,8.2,1.0,127.4,-0.3
2004-05-01,1.8,3.2,2.2,0.4,0.1,1.2,84.9,0.0,193546,1.2,3.9,8.4,2.4,8.3,36.0,63.1,3.4,1.5,7.8,1.3,137.2,1.2,3.9,8.4,2.4,8.3,36.0,63.1,3.4,1.5,7.8,1.3,137.2,0.1
2004-06-01,1.8,3.4,2.3,0.4,0.1,1.2,71.6,0.0,184650,1.3,6.1,9.3,3.3,10.7,37.6,60.1,4.3,1.2,9.5,1.6,145.0,1.3,6.1,9.3,3.3,10.7,37.6,60.1,4.3,1.2,9.5,1.6,145.0,0.2
2004-07-01,1.9,3.2,2.4,0.5,0.2,1.4,62.8,0.0,306572,1.1,5.0,7.3,2.4,6.8,36.1,79.1,6.6,1.1,7.1,2.1,154.8,1.1,5.0,7.3,2.4,6.8,36.1,79.1,6.6,1.1,7.1,2.1,154.8,0.7
2004-08-01,2.3,5.8,2.4,0.4,0.0,1.2,62.7,0.0,222583,1.2,5.0,8.4,2.4,8.0,34.1,61.9,4.9,0.8,8.0,1.5,136.4,1.2,5.0,8.4,2.4,8.0,34.1,61.9,4.9,0.8,8.0,1.5,136.4,0.3
2004-09-01,2.4,6.4,2.9,0.4,0.1,1.1,42.3,0.0,151690,1.3,5.4,9.2,3.2,8.7,35.0,59.0,3.3,1.1,8.4,1.2,135.9,1.3,5.4,9.2,3.2,8.7,35.0,59.0,3.3,1.1,8.4,1.2,135.9,0.8
2004-10-01,2.6,5.7,3.2,0.4,0.1,1.2,29.3,0.0,152010,1.6,4.8,8.7,2.7,8.8,35.8,61.8,2.3,1.2,7.3,1.1,136.0,1.6,4.8,8.7,2.7,8.8,35.8,61.8,2.3,1.2,7.3,1.1,136.0,0.4
2004-11-01,2.6,5.7,3.4,0.4,0.1,1.3,28.1,0.0,137887,2.3,5.3,9.5,3.0,9.8,36.7,68.6,2.0,1.2,7.9,1.0,147.4,2.3,5.3,9.5,3.0,9.8,36.7,68.6,2.0,1.2,7.9,1.0,147.4,0.1
2004-12-01,2.6,5.3,3.3,0.5,0.0,1.2,26.9,0.0,138981,3.1,6.3,8.3,4.7,10.6,40.8,62.0,2.2,1.4,12.3,1.2,152.8,3.1,6.3,8.3,4.7,10.6,40.8,62.0,2.2,1.4,12.3,1.2,152.8,0.0
2005-01-01,2.9,6.1,3.4,0.5,0.0,1.0,65.4,0.0,104493,1.6,3.6,6.6,3.5,7.0,29.4,47.4,1.8,0.8,6.4,1.1,109.1,1.6,3.6,6.6,3.5,7.0,29.4,47.4,1.8,0.8,6.4,1.1,109.1,-0.1
2005-02-01,2.6,4.5,3.2,0.6,0.1,1.3,114.0,0.0,128129,1.2,3.4,6.7,3.7,6.3,29.5,52.7,1.4,2.7,6.6,0.8,115.2,1.2,3.4,6.7,3.7,6.3,29.5,52.7,1.4,2.7,6.6,0.8,115.2,-0.3
2005-03-01,2.6,4.3,3.0,0.6,0.1,1.3,107.6,0.0,157623,1.1,5.3,8.8,4.9,7.1,35.5,65.4,1.8,1.0,7.7,1.0,139.6,1.1,5.3,8.8,4.9,7.1,35.5,65.4,1.8,1.0,7.7,1.0,139.6,0.8
2005-04-01,2.0,3.0,2.5,0.6,0.1,1.3,136.0,0.0,145598,0.9,5.7,9.3,3.6,8.4,36.1,55.2,2.3,1.5,8.0,1.2,132.2,0.9,5.7,9.3,3.6,8.4,36.1,55.2,2.3,1.5,8.0,1.2,132.2,1.1
2005-05-01,1.9,2.8,2.1,0.6,0.2,0.7,98.5,0.0,205255,1.0,4.6,10.4,2.9,9.0,40.7,67.1,3.6,1.8,7.9,1.6,150.5,1.0,4.6,10.4,2.9,9.0,40.7,67.1,3.6,1.8,7.9,1.6,150.5,0.6
2005-06-01,1.9,2.8,1.8,0.5,0.1,1.1,71.1,0.0,220796,1.1,6.6,10.2,4.1,10.8,39.2,65.7,4.3,1.3,9.3,1.4,154.2,1.1,6.6,10.2,4.1,10.8,39.2,65.7,4.3,1.3,9.3,1.4,154.2,0.9
2005-07-01,2.0,3.1,1.7,0.5,0.1,1.0,62.5,0.0,327980,1.2,5.4,6.9,2.7,5.4,39.2,79.7,7.4,1.3,7.2,1.8,158.2,1.2,5.4,6.9,2.7,5.4,39.2,79.7,7.4,1.3,7.2,1.8,158.2,1.1
2005-08-01,2.4,5.2,2.0,0.4,0.1,0.9,40.3,0.0,247532,1.4,5.3,9.5,2.8,7.7,40.9,67.3,5.2,1.1,8.1,1.5,150.9,1.4,5.3,9.5,2.8,7.7,40.9,67.3,5.2,1.1,8.1,1.5,150.9,0.9
2005-09-01,2.0,4.6,2.3,0.3,0.1,0.6,38.9,0.0,174650,1.4,5.1,9.9,3.5,8.1,38.2,62.0,3.2,1.2,7.8,1.4,141.8,1.4,5.1,9.9,3.5,8.1,38.2,62.0,3.2,1.2,7.8,1.4,141.8,0.8
2005-10-01,2.3,4.6,2.6,0.3,0.0,0.6,34.1,0.0,164756,2.6,5.3,9.9,3.6,8.8,38.4,103.3,2.4,0.8,9.0,1.2,185.3,2.6,5.3,9.9,3.6,8.8,38.4,103.3,2.4,0.8,9.0,1.2,185.3,1.4
2005-11-01,2.4,4.9,2.7,0.3,0.1,0.5,52.0,0.0,151644,2.7,5.8,9.4,4.1,10.6,40.7,57.5,2.0,1.5,8.2,1.1,143.7,2.7,5.8,9.4,4.1,10.6,40.7,57.5,2.0,1.5,8.2,1.1,143.7,1.6
2005-12-01,2.3,4.3,2.9,0.3,0.1,0.7,60.0,0.0,149333,3.6,6.4,9.1,5.6,10.8,46.7,30.0,2.3,1.1,10.7,1.3,127.6,3.6,6.4,9.1,5.6,10.8,46.7,30.0,2.3,1.1,10.7,1.3,127.6,1.8
2006-01-01,2.6,6.8,2.5,0.3,0.0,0.7,109.0,0.0,107141,1.3,4.5,8.2,5.2,5.5,31.2,50.4,1.7,3.3,6.9,0.9,119.0,1.3,4.5,8.2,5.2,5.5,31.2,50.4,1.7,3.3,6.9,0.9,119.0,2.0
2006-02-01,2.5,6.8,2.5,0.4,0.2,0.8,145.0,0.0,126637,0.8,4.9,6.9,5.1,6.2,30.6,46.6,1.4,1.1,7.6,1.0,112.3,0.8,4.9,6.9,5.1,6.2,30.6,46.6,1.4,1.1,7.6,1.0,112.3,2.1
2006-03-01,2.2,4.6,2.0,0.5,0.3,0.9,124.1,0.0,150839,0.7,5.8,9.7,6.3,8.5,37.1,56.7,1.9,1.1,8.2,1.2,137.2,0.7,5.8,9.7,6.3,8.5,37.1,56.7,1.9,1.1,8.2,1.2,137.2,1.2
2006-04-01,2.0,3.9,1.9,0.5,0.3,1.0,105.5,0.0,175927,1.0,6.4,10.0,4.4,6.5,37.6,52.2,2.3,1.1,8.8,1.1,131.6,1.0,6.4,10.0,4.4,6.5,37.6,52.2,2.3,1.1,8.8,1.1,131.6,2.0
2006-05-01,1.8,3.4,1.7,0.4,0.0,0.7,109.4,0.0,200302,1.3,5.4,10.7,3.7,8.9,41.6,54.2,3.6,1.5,8.8,1.6,141.4,1.3,5.4,10.7,3.7,8.9,41.6,54.2,3.6,1.5,8.8,1.6,141.4,2.3
2006-06-01,2.0,3.2,2.0,0.3,0.0,0.8,79.1,0.0,201752,1.5,7.0,10.7,4.3,10.1,45.0,55.0,4.7,1.2,10.1,1.5,151.1,1.5,7.0,10.7,4.3,10.1,45.0,55.0,4.7,1.2,10.1,1.5,151.1,2.1
2006-07-01,2.1,4.1,2.1,0.3,0.0,0.7,72.4,0.0,321554,1.1,5.7,7.4,3.2,5.8,40.4,65.7,8.1,1.3,8.5,2.0,149.2,1.1,5.7,7.4,3.2,5.8,40.4,65.7,8.1,1.3,8.5,2.0,149.2,2.2
2006-08-01,2.1,4.9,2.2,0.3,0.1,0.7,55.1,0.0,237237,1.6,6.3,9.9,3.5,8.3,43.1,54.6,5.4,1.2,9.4,1.6,144.8,1.6,6.3,9.9,3.5,8.3,43.1,54.6,5.4,1.2,9.4,1.6,144.8,1.6
2006-09-01,2.1,6.9,2.4,0.3,0.1,0.7,35.9,0.0,172991,2.2,5.8,9.1,4.5,8.7,37.1,53.1,3.4,1.5,8.4,1.5,135.4,2.2,5.8,9.1,4.5,8.7,37.1,53.1,3.4,1.5,8.4,1.5,135.4,0.9
2006-10-01,2.5,8.7,2.3,0.3,0.1,0.6,40.3,0.0,163134,2.7,5.8,10.5,4.5,9.6,40.9,55.5,2.4,1.2,9.9,1.5,144.5,2.7,5.8,10.5,4.5,9.6,40.9,55.5,2.4,1.2,9.9,1.5,144.5,0.8
2006-11-01,2.5,7.7,2.7,0.3,0.2,0.8,29.2,0.0,150237,3.8,6.2,10.6,5.1,9.3,40.9,54.9,2.0,1.5,9.2,1.3,145.0,3.8,6.2,10.6,5.1,9.3,40.9,54.9,2.0,1.5,9.2,1.3,145.0,1.4
2006-12-01,2.5,6.2,3.0,0.4,0.3,0.9,39.9,0.0,157677,4.0,6.7,10.8,7.2,12.5,47.9,48.7,2.3,2.2,12.1,1.7,156.1,4.0,6.7,10.8,7.2,12.5,47.9,48.7,2.3,2.2,12.1,1.7,156.1,1.4
2007-01-01,2.7,7.8,2.9,0.4,0.7,1.0,97.0,0.0,104168,2.3,5.4,9.2,4.8,9.8,33.5,48.3,1.5,4.0,8.3,1.1,128.3,2.3,5.4,9.2,4.8,9.8,33.5,48.3,1.5,4.0,8.3,1.1,128.3,0.7
2007-02-01,2.4,6.8,2.6,0.5,0.9,1.1,149.7,0.0,126590,0.5,5.6,9.2,5.6,6.3,32.5,49.6,1.5,1.4,9.3,1.2,122.8,0.5,5.6,9.2,5.6,6.3,32.5,49.6,1.5,1.4,9.3,1.2,122.8,1.2
2007-03-01,2.3,5.3,2.8,0.5,0.7,1.3,174.7,0.0,145623,0.7,6.6,10.5,5.1,8.9,37.2,54.3,2.0,1.6,9.6,1.3,137.7,0.7,6.6,10.5,5.1,8.9,37.2,54.3,2.0,1.6,9.6,1.3,137.7,2.1
2007-04-01,2.0,4.4,2.6,0.6,0.6,1.4,162.5,0.0,166063,1.1,8.5,9.5,4.2,8.6,38.3,52.6,2.4,1.7,10.2,1.6,138.8,1.1,8.5,9.5,4.2,8.6,38.3,52.6,2.4,1.7,10.2,1.6,138.8,1.6
2007-05-01,1.6,3.2,1.8,0.4,0.6,1.0,141.7,0.0,197036,1.6,7.1,10.9,5.0,10.6,40.9,58.7,3.8,1.6,9.2,1.9,151.2,1.6,7.1,10.9,5.0,10.6,40.9,58.7,3.8,1.6,9.2,1.9,151.2,1.4
2007-06-01,1.7,3.3,1.9,0.4,0.4,1.0,99.1,0.0,224237,1.2,7.1,10.4,6.0,10.4,42.5,55.1,4.8,1.8,10.9,2.0,152.1,1.2,7.1,10.4,6.0,10.4,42.5,55.1,4.8,1.8,10.9,2.0,152.1,1.5
2007-07-01,1.8,3.0,2.0,0.4,0.2,0.9,88.1,0.0,318642,1.3,6.5,8.2,2.9,8.0,40.8,67.0,8.2,1.6,9.2,2.3,155.9,1.3,6.5,8.2,2.9,8.0,40.8,67.0,8.2,1.6,9.2,2.3,155.9,1.5
2007-08-01,1.7,3.6,1.9,0.4,0.1,1.0,104.5,0.0,248640,1.4,7.2,10.2,3.3,9.8,41.5,55.1,6.0,1.4,11.3,2.1,149.2,1.4,7.2,10.2,3.3,9.8,41.5,55.1,6.0,1.4,11.3,2.1,149.2,1.6
2007-09-01,2.0,4.2,2.2,0.3,0.0,0.9,56.7,0.0,164686,1.9,6.6,9.8,4.6,12.7,37.7,58.4,3.4,1.1,8.6,1.8,146.6,1.9,6.6,9.8,4.6,12.7,37.7,58.4,3.4,1.1,8.6,1.8,146.6,2.0
2007-10-01,2.2,5.0,2.5,0.3,0.0,0.8,51.7,0.0,167814,3.4,7.9,11.8,5.6,12.3,42.9,58.3,2.5,1.6,10.9,2.0,159.4,3.4,7.9,11.8,5.6,12.3,42.9,58.3,2.5,1.6,10.9,2.0,159.4,2.1
2007-11-01,2.2,4.3,2.8,0.3,0.0,0.8,54.2,0.0,156129,3.3,7.2,6.9,5.6,11.6,41.6,60.7,2.1,1.6,10.2,2.0,152.8,3.3,7.2,6.9,5.6,11.6,41.6,60.7,2.1,1.6,10.2,2.0,152.8,2.3
2007-12-01,2.1,4.0,2.6,0.3,0.0,0.9,68.4,0.0,154682,4.8,7.2,7.1,10.4,13.0,48.8,51.8,2.8,5.1,13.3,2.1,166.4,4.8,7.2,7.1,10.4,13.0,48.8,51.8,2.8,5.1,13.3,2.1,166.4,2.9
2008-01-01,2.4,5.4,2.7,0.3,0.1,0.9,100.9,0.0,92499,2.2,6.3,10.1,6.8,7.9,35.3,50.3,1.6,1.3,9.1,1.6,132.5,2.2,6.3,10.1,6.8,7.9,35.3,50.3,1.6,1.3,9.1,1.6,132.5,4.5
2008-02-01,2.1,4.1,2.8,0.3,0.0,0.9,165.4,0.0,145020,2.7,6.1,8.5,6.4,8.0,34.3,54.4,1.6,1.6,9.9,1.6,135.1,2.7,6.1,8.5,6.4,8.0,34.3,54.4,1.6,1.6,9.9,1.6,135.1,4.5
2008-03-01,2.1,4.1,2.9,0.4,0.3,1.1,161.1,0.0,154547,1.1,7.6,10.5,6.3,9.0,37.3,54.6,1.8,1.4,9.3,1.7,140.5,1.1,7.6,10.5,6.3,9.0,37.3,54.6,1.8,1.4,9.3,1.7,140.5,4.5
2008-04-01,1.9,3.1,2.6,0.4,0.3,1.0,136.5,0.0,156824,1.1,8.8,12.0,6.1,9.5,44.5,58.4,2.3,1.8,11.1,2.0,157.7,1.1,8.8,12.0,6.1,9.5,44.5,58.4,2.3,1.8,11.1,2.0,157.7,4.2
2008-05-01,1.6,2.9,2.2,0.4,0.3,1.0,124.2,0.0,211559,1.2,7.0,10.4,3.8,10.4,45.9,62.4,4.1,1.8,9.5,3.0,159.5,1.2,7.0,10.4,3.8,10.4,45.9,62.4,4.1,1.8,9.5,3.0,159.5,5.0
2008-06-01,1.8,3.0,2.2,0.4,0.3,1.1,100.4,0.0,227133,1.6,7.8,12.0,7.0,11.3,43.2,88.9,4.9,2.0,9.8,2.8,191.3,1.6,7.8,12.0,7.0,11.3,43.2,88.9,4.9,2.0,9.8,2.8,191.3,5.0
2008-07-01,1.9,3.5,2.0,0.4,0.2,1.0,57.4,0.0,331278,1.5,7.5,8.1,4.0,7.8,45.3,81.7,8.3,1.8,8.2,2.6,176.7,1.5,7.5,8.1,4.0,7.8,45.3,81.7,8.3,1.8,8.2,2.6,176.7,4.8
2008-08-01,2.0,4.2,2.0,0.3,0.2,0.9,56.8,0.0,229162,1.0,7.0,9.0,4.7,9.4,42.8,65.9,5.4,1.5,9.7,2.8,159.4,1.0,7.0,9.0,4.7,9.4,42.8,65.9,5.4,1.5,9.7,2.8,159.4,4.5
2008-09-01,2.1,5.6,2.0,0.4,0.3,0.9,48.3,0.0,169254,3.0,7.6,12.0,5.4,11.3,43.1,56.8,3.5,1.7,9.2,2.3,156.0,3.0,7.6,12.0,5.4,11.3,43.1,56.8,3.5,1.7,9.2,2.3,156.0,4.9
2008-10-01,2.1,5.9,2.2,0.4,0.2,0.9,54.6,0.0,189726,2.8,7.6,11.8,5.7,13.6,44.2,66.5,2.6,1.9,9.9,2.5,169.1,2.8,7.6,11.8,5.7,13.6,44.2,66.5,2.6,1.9,9.9,2.5,169.1,4.4
2008-11-01,2.1,4.7,2.2,0.4,0.3,0.8,61.5,0.0,162026,2.9,7.0,10.7,5.7,11.0,42.2,83.1,3.1,1.6,13.6,2.2,182.9,2.9,7.0,10.7,5.7,11.0,42.2,83.1,3.1,1.6,13.6,2.2,182.9,2.7
2008-12-01,2.1,4.5,2.2,0.4,0.1,0.8,70.9,0.0,155664,4.1,9.0,10.9,8.5,17.0,49.5,52.7,2.8,2.8,13.9,2.9,174.1,4.1,9.0,10.9,8.5,17.0,49.5,52.7,2.8,2.8,13.9,2.9,174.1,1.7
2009-01-01,2.5,5.5,2.2,0.4,0.2,0.6,93.8,0.0,120954,2.7,5.7,8.7,5.8,6.3,31.0,49.7,1.6,5.2,8.0,1.5,126.2,2.7,5.7,8.7,5.8,6.3,31.0,49.7,1.6,5.2,8.0,1.5,126.2,0.9
2009-02-01,2.6,6.6,2.2,0.4,0.2,0.7,100.6,0.0,143589,2.2,6.6,8.7,7.3,9.8,30.3,49.5,1.8,2.3,7.2,2.1,127.9,2.2,6.6,8.7,7.3,9.8,30.3,49.5,1.8,2.3,7.2,2.1,127.9,0.5
2009-03-01,2.4,6.1,2.4,0.5,0.2,0.9,78.0,0.0,152905,1.4,7.4,9.5,6.5,10.1,35.3,56.0,2.1,1.9,8.3,3.4,141.9,1.4,7.4,9.5,6.5,10.1,35.3,56.0,2.1,1.9,8.3,3.4,141.9,-0.3
2009-04-01,2.3,4.8,2.2,0.5,0.4,0.8,81.0,0.0,184702,1.0,8.9,10.4,5.2,10.2,39.0,56.2,2.6,2.9,9.0,2.6,147.8,1.0,8.9,10.4,5.2,10.2,39.0,56.2,2.6,2.9,9.0,2.6,147.8,0.1
2009-05-01,2.3,4.5,2.0,0.5,0.4,0.9,58.2,0.0,220749,1.4,6.3,9.9,3.6,9.8,38.4,64.1,3.7,2.4,8.2,2.7,150.5,1.4,6.3,9.9,3.6,9.8,38.4,64.1,3.7,2.4,8.2,2.7,150.5,-0.4
2009-06-01,2.5,5.1,2.2,0.5,0.6,0.9,41.3,0.0,207283,1.2,7.8,10.8,5.3,13.3,39.3,51.7,5.5,2.9,11.2,2.6,151.7,1.2,7.8,10.8,5.3,13.3,39.3,51.7,5.5,2.9,11.2,2.6,151.7,-0.3
2009-07-01,2.7,5.4,2.3,0.5,0.7,0.9,40.9,0.0,329028,1.1,7.4,8.5,3.3,8.2,42.2,67.2,9.3,1.8,7.9,3.6,160.6,1.1,7.4,8.5,3.3,8.2,42.2,67.2,9.3,1.8,7.9,3.6,160.6,-0.3
2009-08-01,2.9,6.0,2.4,0.5,0.4,0.9,34.5,0.0,244988,1.0,6.8,8.9,3.7,9.5,39.4,57.0,6.0,1.8,8.2,2.5,144.8,1.0,6.8,8.9,3.7,9.5,39.4,57.0,6.0,1.8,8.2,2.5,144.8,0.2
2009-09-01,2.9,6.9,2.5,0.5,0.3,0.9,26.5,0.0,175504,1.7,6.8,11.1,4.6,11.3,39.7,48.4,3.5,2.1,8.6,2.6,140.2,1.7,6.8,11.1,4.6,11.3,39.7,48.4,3.5,2.1,8.6,2.6,140.2,0.2
2009-10-01,3.3,8.9,2.8,0.5,0.4,0.9,20.5,0.0,188082,3.5,8.3,11.9,5.0,11.4,41.5,55.2,2.6,2.3,9.6,3.5,154.7,3.5,8.3,11.9,5.0,11.4,41.5,55.2,2.6,2.3,9.6,3.5,154.7,-0.2
2009-11-01,3.4,9.6,2.9,0.5,0.2,0.8,14.6,0.0,160228,3.2,7.1,9.7,5.3,11.5,41.1,51.7,2.0,2.1,8.9,2.8,145.5,3.2,7.1,9.7,5.3,11.5,41.1,51.7,2.0,2.1,8.9,2.8,145.5,1.0
2009-12-01,3.3,8.9,3.0,0.6,0.4,1.0,29.1,0.0,157005,4.4,9.0,10.0,9.0,14.0,52.1,49.1,2.7,2.7,12.2,3.2,168.4,4.4,9.0,10.0,9.0,14.0,52.1,49.1,2.7,2.7,12.2,3.2,168.4,1.3
2010-01-01,3.4,10.4,2.9,0.7,0.5,1.0,46.7,0.0,95299,2.1,5.4,7.0,7.9,7.4,32.1,46.0,1.4,5.8,7.1,2.4,124.5,2.1,5.4,7.0,7.9,7.4,32.1,46.0,1.4,5.8,7.1,2.4,124.5,1.4
2010-02-01,3.5,9.4,3.0,0.8,0.7,1.0,55.7,0.0,127277,1.9,6.5,8.4,8.9,8.5,34.7,47.7,1.7,1.7,8.7,2.9,131.4,1.9,6.5,8.4,8.9,8.5,34.7,47.7,1.7,1.7,8.7,2.9,131.4,1.7
2010-03-01,3.3,7.5,2.9,0.8,0.5,1.1,50.8,0.0,138111,1.1,8.2,9.4,7.6,9.2,43.1,56.0,2.1,2.0,11.3,2.8,152.8,1.1,8.2,9.4,7.6,9.2,43.1,56.0,2.1,2.0,11.3,2.8,152.8,1.9
2010-04-01,3.3,6.7,2.9,0.8,0.5,1.2,47.9,0.0,169664,1.3,9.1,8.9,5.2,10.0,40.2,59.9,2.5,1.9,8.7,3.2,150.9,1.3,9.1,8.9,5.2,10.0,40.2,59.9,2.5,1.9,8.7,3.2,150.9,1.8
2010-05-01,2.9,6.0,2.8,0.8,0.5,1.3,35.3,0.0,213273,1.3,6.7,10.6,3.7,10.6,44.8,72.8,3.8,2.5,9.8,4.1,170.8,1.3,6.7,10.6,3.7,10.6,44.8,72.8,3.8,2.5,9.8,4.1,170.8,1.8
2010-06-01,3.1,7.4,3.0,0.8,0.6,1.3,30.6,0.0,192631,1.7,9.2,12.3,5.0,15.1,49.0,72.5,5.1,2.3,11.6,3.5,187.3,1.7,9.2,12.3,5.0,15.1,49.0,72.5,5.1,2.3,11.6,3.5,187.3,1.5
2010-07-01,3.1,7.0,3.0,0.8,0.6,1.4,31.7,0.0,325617,1.2,7.4,7.8,3.4,5.5,43.6,85.6,9.4,1.7,7.6,3.2,176.4,1.2,7.4,7.8,3.4,5.5,43.6,85.6,9.4,1.7,7.6,3.2,176.4,1.7
2010-08-01,3.0,6.8,2.8,0.7,0.4,1.4,40.0,0.0,246778,0.9,7.1,9.1,3.9,8.7,47.2,66.5,6.8,2.0,8.4,2.4,163.1,0.9,7.1,9.1,3.9,8.7,47.2,66.5,6.8,2.0,8.4,2.4,163.1,1.8
2010-09-01,2.8,7.5,2.9,0.6,0.6,1.4,30.4,0.0,170140,1.8,8.7,13.5,4.8,11.4,46.3,61.8,3.6,2.3,8.3,2.6,165.1,1.8,8.7,13.5,4.8,11.4,46.3,61.8,3.6,2.3,8.3,2.6,165.1,1.4
2010-10-01,2.9,8.0,2.9,0.6,0.4,1.4,26.2,0.0,176004,2.8,7.8,10.3,5.4,11.5,44.9,63.2,2.8,2.1,9.3,2.4,162.5,2.8,7.8,10.3,5.4,11.5,44.9,63.2,2.8,2.1,9.3,2.4,162.5,2.0
2010-11-01,2.9,7.3,3.0,0.6,0.3,1.5,26.0,0.0,168865,5.0,8.5,11.3,5.9,13.1,47.0,66.0,2.3,2.6,9.0,2.1,172.7,5.0,8.5,11.3,5.9,13.1,47.0,66.0,2.3,2.6,9.0,2.1,172.7,2.5
2010-12-01,3.2,8.0,3.2,0.7,0.5,1.5,21.8,0.0,149826,5.4,9.4,9.7,11.8,14.7,61.2,58.1,2.4,3.0,12.5,2.6,190.7,5.4,9.4,9.7,11.8,14.7,61.2,58.1,2.4,3.0,12.5,2.6,190.7,3.3
2011-01-01,3.2,7.1,2.7,0.7,0.5,1.4,54.9,0.0,97578,1.8,5.8,7.7,8.2,6.4,38.2,52.8,1.8,7.2,7.9,2.0,139.8,1.8,5.8,7.7,8.2,6.4,38.2,52.8,1.8,7.2,7.9,2.0,139.8,3.6
2011-02-01,3.1,5.9,2.9,0.7,0.7,1.3,78.8,0.0,127844,1.9,7.3,9.2,8.8,8.6,36.7,52.3,1.7,1.7,9.0,2.0,139.3,1.9,7.3,9.2,8.8,8.6,36.7,52.3,1.7,1.7,9.0,2.0,139.3,3.4
2011-03-01,2.9,5.3,2.7,0.8,0.8,1.3,78.0,0.0,141661,1.4,8.5,13.2,8.0,11.1,45.6,58.7,2.2,2.1,9.0,2.5,162.5,1.4,8.5,13.2,8.0,11.1,45.6,58.7,2.2,2.1,9.0,2.5,162.5,4.2
2011-04-01,2.5,4.9,2.4,0.7,0.6,1.3,80.9,0.0,175916,1.4,9.9,9.6,5.7,10.9,45.2,63.5,2.7,2.2,10.0,2.4,163.4,1.4,9.9,9.6,5.7,10.9,45.2,63.5,2.7,2.2,10.0,2.4,163.4,4.3
2011-05-01,2.5,4.6,2.2,0.7,0.5,1.1,78.2,0.0,195032,1.4,7.8,12.3,4.6,12.5,50.4,74.3,4.3,1.9,9.8,2.9,182.1,1.4,7.8,12.3,4.6,12.5,50.4,74.3,4.3,1.9,9.8,2.9,182.1,3.8
2011-06-01,2.6,5.3,2.1,0.6,0.4,1.0,54.1,0.0,236941,1.8,9.4,14.0,5.4,13.4,51.7,76.5,5.7,2.4,11.2,3.1,194.6,1.8,9.4,14.0,5.4,13.4,51.7,76.5,5.7,2.4,11.2,3.1,194.6,3.8
2011-07-01,2.7,5.7,2.4,0.6,0.3,1.0,38.8,0.0,323360,1.3,7.9,8.1,3.4,9.4,49.2,87.8,10.1,2.0,7.6,3.0,189.9,1.3,7.9,8.1,3.4,9.4,49.2,87.8,10.1,2.0,7.6,3.0,189.9,4.0
2011-08-01,2.8,7.1,2.4,0.5,0.3,0.9,40.9,0.0,231396,1.1,8.5,8.6,4.4,12.0,50.0,70.2,7.1,1.9,9.6,2.6,175.9,1.1,8.5,8.6,4.4,12.0,50.0,70.2,7.1,1.9,9.6,2.6,175.9,3.9
2011-09-01,2.7,6.3,2.1,0.4,0.0,0.8,38.1,0.0,170249,1.4,9.0,10.9,4.6,14.3,47.4,59.7,4.2,2.3,8.5,2.7,165.1,1.4,9.0,10.9,4.6,14.3,47.4,59.7,4.2,2.3,8.5,2.7,165.1,3.3
2011-10-01,2.8,6.8,2.3,0.4,0.0,0.9,32.1,0.0,173385,1.8,8.7,9.8,5.0,14.9,50.2,65.2,3.1,2.3,9.9,2.6,173.5,1.8,8.7,9.8,5.0,14.9,50.2,65.2,3.1,2.3,9.9,2.6,173.5,3.3
2011-11-01,2.8,7.0,2.3,0.4,0.1,0.9,37.2,0.0,167602,4.3,8.4,10.6,5.2,16.8,53.3,64.7,2.7,0.9,8.0,2.2,177.0,4.3,8.4,10.6,5.2,16.8,53.3,64.7,2.7,0.9,8.0,2.2,177.0,3.3
2011-12-01,2.9,6.7,2.5,0.5,0.2,0.9,40.3,0.0,151417,5.8,10.3,10.4,8.6,18.2,62.7,57.4,2.9,3.3,13.5,3.2,196.2,5.8,10.3,10.4,8.6,18.2,62.7,57.4,2.9,3.3,13.5,3.2,196.2,2.6
2012-01-01,3.4,9.3,2.6,0.5,0.4,0.9,57.0,0.0,88017,2.4,6.9,9.8,6.6,11.5,41.5,50.9,1.9,6.0,7.0,1.9,146.2,2.4,6.9,9.8,6.6,11.5,41.5,50.9,1.9,6.0,7.0,1.9,146.2,2.9
2012-02-01,3.4,9.6,2.6,0.6,0.4,1.1,80.5,0.0,132683,1.3,8.0,9.7,7.9,12.8,44.5,55.3,1.8,1.9,8.5,2.1,153.8,1.3,8.0,9.7,7.9,12.8,44.5,55.3,1.8,1.9,8.5,2.1,153.8,2.9
2012-03-01,3.0,6.9,2.5,0.8,0.4,1.3,76.5,0.0,142571,1.3,8.7,10.0,7.2,15.1,49.5,61.4,2.3,2.5,7.9,2.5,168.3,1.3,8.7,10.0,7.2,15.1,49.5,61.4,2.3,2.5,7.9,2.5,168.3,2.1
2012-04-01,2.7,5.8,2.1,0.8,0.5,1.2,74.0,0.0,165866,1.3,10.3,10.9,5.5,14.3,46.0,59.9,2.8,2.4,8.8,2.3,164.5,1.3,10.3,10.9,5.5,14.3,46.0,59.9,2.8,2.4,8.8,2.3,164.5,1.9
2012-05-01,2.7,5.2,2.1,0.7,0.3,1.1,52.3,0.0,197000,1.5,8.7,13.4,4.2,16.8,55.2,72.7,4.4,2.2,8.6,2.6,190.4,1.5,8.7,13.4,4.2,16.8,55.2,72.7,4.4,2.2,8.6,2.6,190.4,2.1
2012-06-01,2.7,5.9,2.1,0.7,0.2,1.1,44.7,0.0,219137,2.1,10.1,13.7,5.4,18.0,51.1,74.4,6.1,2.5,10.5,3.1,197.0,2.1,10.1,13.7,5.4,18.0,51.1,74.4,6.1,2.5,10.5,3.1,197.0,2.0
2012-07-01,2.9,5.6,2.3,0.7,0.3,1.1,28.8,0.0,318751,1.4,8.8,7.1,3.6,11.0,53.5,87.6,10.3,2.3,8.5,3.3,197.2,1.4,8.8,7.1,3.6,11.0,53.5,87.6,10.3,2.3,8.5,3.3,197.2,2.2
2012-08-01,3.1,6.6,2.3,0.7,0.3,1.1,28.6,0.0,229059,1.2,8.9,11.1,4.2,14.4,54.5,68.2,6.5,2.3,9.7,2.8,183.9,1.2,8.9,11.1,4.2,14.4,54.5,68.2,6.5,2.3,9.7,2.8,183.9,2.2
2012-09-01,3.2,7.2,2.6,0.7,0.2,1.0,23.4,0.0,172534,1.9,8.7,10.8,5.2,15.2,47.4,63.8,4.1,2.2,8.9,2.8,171.0,1.9,8.7,10.8,5.2,15.2,47.4,63.8,4.1,2.2,8.9,2.8,171.0,2.5
2012-10-01,3.3,7.7,2.9,0.6,0.2,1.0,32.0,0.0,173484,3.3,9.4,14.1,5.6,17.9,53.1,66.5,2.8,2.3,9.6,2.7,187.5,3.3,9.4,14.1,5.6,17.9,53.1,66.5,2.8,2.3,9.6,2.7,187.5,2.9
2012-11-01,3.4,7.9,3.0,0.7,0.3,1.1,22.1,0.0,164124,4.1,9.3,11.6,5.8,14.6,52.9,66.2,2.6,3.0,9.1,2.6,181.8,4.1,9.3,11.6,5.8,14.6,52.9,66.2,2.6,3.0,9.1,2.6,181.8,1.9
2012-12-01,3.6,6.6,3.2,0.8,0.4,1.1,44.5,0.0,148077,5.3,10.9,13.3,9.5,17.9,61.0,56.9,2.8,11.5,13.5,4.0,206.7,5.3,10.9,13.3,9.5,17.9,61.0,56.9,2.8,11.5,13.5,4.0,206.7,2.1
2013-01-01,4.1,10.9,3.1,0.8,0.5,1.3,80.3,0.0,87177,2.3,7.2,10.4,7.5,8.3,42.6,58.4,1.9,4.0,7.8,2.1,152.5,2.3,7.2,10.4,7.5,8.3,42.6,58.4,1.9,4.0,7.8,2.1,152.5,1.2
2013-02-01,4.1,10.6,3.2,0.8,0.6,1.3,88.4,0.0,131370,1.6,7.2,11.2,6.7,10.0,39.7,59.8,2.1,2.1,9.2,2.2,151.8,1.6,7.2,11.2,6.7,10.0,39.7,59.8,2.1,2.1,9.2,2.2,151.8,1.0
2013-03-01,3.7,9.3,3.0,0.9,0.6,1.4,71.5,0.0,155272,1.5,9.2,13.6,7.8,14.0,46.5,66.4,2.5,2.3,8.9,2.7,175.4,1.5,9.2,13.6,7.8,14.0,46.5,66.4,2.5,2.3,8.9,2.7,175.4,1.2
2013-04-01,3.1,7.1,2.5,1.0,1.1,1.4,70.9,0.0,150866,1.3,11.0,14.5,6.3,13.4,48.1,98.4,2.9,2.3,10.1,2.4,210.7,1.3,11.0,14.5,6.3,13.4,48.1,98.4,2.9,2.3,10.1,2.4,210.7,1.0
2013-05-01,2.9,5.3,2.1,0.9,0.9,1.2,49.1,0.0,183947,1.5,8.0,16.1,4.5,13.9,49.7,75.2,4.8,2.3,8.8,3.1,188.0,1.5,8.0,16.1,4.5,13.9,49.7,75.2,4.8,2.3,8.8,3.1,188.0,1.3
2013-06-01,3.1,6.3,2.4,0.8,0.8,1.2,34.9,0.0,209752,2.1,9.2,14.2,5.3,16.5,48.8,76.4,6.1,2.5,11.1,2.9,195.1,2.1,9.2,14.2,5.3,16.5,48.8,76.4,6.1,2.5,11.1,2.9,195.1,1.6
2013-07-01,3.4,6.5,2.6,0.8,0.7,1.2,35.0,0.0,302220,1.5,8.9,10.8,4.4,10.2,51.5,97.3,10.9,2.2,9.3,3.3,210.0,1.5,8.9,10.8,4.4,10.2,51.5,97.3,10.9,2.2,9.3,3.3,210.0,1.7
2013-08-01,3.2,6.6,2.8,0.8,0.5,1.2,30.3,0.0,220363,1.2,8.0,11.9,4.7,12.5,46.1,75.1,6.8,2.0,10.1,2.8,181.1,1.2,8.0,11.9,4.7,12.5,46.1,75.1,6.8,2.0,10.1,2.8,181.1,1.3
2013-09-01,3.5,8.6,2.7,0.7,0.3,1.3,23.7,0.0,164150,2.1,8.3,15.5,5.1,11.5,48.5,67.4,4.1,2.2,9.2,2.8,176.7,2.1,8.3,15.5,5.1,11.5,48.5,67.4,4.1,2.2,9.2,2.8,176.7,1.2
2013-10-01,3.7,8.2,2.9,0.6,0.1,1.2,17.7,0.0,169657,3.9,8.6,13.9,6.1,14.2,49.7,69.3,3.1,2.3,10.8,2.9,184.7,3.9,8.6,13.9,6.1,14.2,49.7,69.3,3.1,2.3,10.8,2.9,184.7,0.5
2013-11-01,3.8,8.6,2.9,0.7,0.2,1.3,20.1,0.0,158889,4.8,9.3,13.1,5.8,13.1,48.2,67.7,2.6,2.0,8.7,2.6,178.0,4.8,9.3,13.1,5.8,13.1,48.2,67.7,2.6,2.0,8.7,2.6,178.0,1.0
2013-12-01,4.0,8.6,3.1,0.8,0.5,1.4,24.4,0.0,122735,6.4,11.7,10.5,8.8,17.6,58.3,60.8,3.1,6.1,12.6,3.1,199.0,6.4,11.7,10.5,8.8,17.6,58.3,60.8,3.1,6.1,12.6,3.1,199.0,1.1
2014-01-01,3.9,6.8,3.1,0.8,0.3,1.4,56.6,0.0,81888,3.7,9.3,12.5,8.1,7.9,44.0,56.2,1.9,6.2,9.0,2.0,160.7,3.7,9.3,12.5,8.1,7.9,44.0,56.2,1.9,6.2,9.0,2.0,160.7,1.5
2014-02-01,4.1,8.2,3.1,1.0,0.6,1.5,63.6,0.0,128977,2.4,10.5,11.5,8.3,9.0,38.3,61.2,1.9,2.1,9.4,2.3,156.9,2.4,10.5,11.5,8.3,9.0,38.3,61.2,1.9,2.1,9.4,2.3,156.9,1.2
2014-03-01,4.1,7.7,3.3,1.1,0.9,1.8,58.0,0.0,136010,1.9,11.5,14.7,8.0,11.5,43.1,62.9,2.4,2.4,8.6,2.9,170.0,1.9,11.5,14.7,8.0,11.5,43.1,62.9,2.4,2.4,8.6,2.9,170.0,1.0
2014-04-01,4.0,7.2,3.2,1.1,0.7,1.8,57.6,0.0,159272,1.9,14.0,11.9,6.4,10.5,48.3,67.1,2.8,2.4,9.8,2.8,177.8,1.9,14.0,11.9,6.4,10.5,48.3,67.1,2.8,2.4,9.8,2.8,177.8,1.3
2014-05-01,3.7,6.0,3.0,1.1,0.5,1.7,39.4,0.0,188759,1.7,10.1,12.7,5.4,11.6,48.2,79.4,4.8,2.6,8.9,3.4,188.8,1.7,10.1,12.7,5.4,11.6,48.2,79.4,4.8,2.6,8.9,3.4,188.8,1.5
2014-06-01,4.0,6.8,3.3,1.1,0.5,1.6,24.3,0.0,204906,2.1,12.3,14.8,6.9,13.6,49.0,80.5,5.9,5.3,10.3,3.8,204.4,2.1,12.3,14.8,6.9,13.6,49.0,80.5,5.9,5.3,10.3,3.8,204.4,1.2
2014-07-01,4.1,6.3,3.3,1.1,0.8,1.7,26.2,0.0,311279,1.6,12.2,9.8,4.7,10.3,53.3,93.3,11.3,3.9,8.6,3.2,212.3,1.6,12.2,9.8,4.7,10.3,53.3,93.3,11.3,3.9,8.6,3.2,212.3,1.1
2014-08-01,3.9,6.9,3.4,1.1,0.7,1.8,23.7,0.0,225634,1.7,11.1,10.7,5.5,12.3,46.6,74.7,6.8,2.2,9.6,2.8,184.0,1.7,11.1,10.7,5.5,12.3,46.6,74.7,6.8,2.2,9.6,2.8,184.0,1.2
2014-09-01,3.9,7.4,3.5,1.0,0.5,1.8,20.1,0.0,152871,2.1,12.5,13.5,5.8,15.6,47.5,70.8,4.1,3.7,9.1,3.1,187.9,2.1,12.5,13.5,5.8,15.6,47.5,70.8,4.1,3.7,9.1,3.1,187.9,1.1
2014-10-01,4.0,8.2,3.4,1.0,0.6,1.7,20.9,0.0,171053,4.0,18.3,14.5,6.7,16.0,52.2,69.4,2.9,4.8,10.5,2.8,202.2,4.0,18.3,14.5,6.7,16.0,52.2,69.4,2.9,4.8,10.5,2.8,202.2,0.9
2014-11-01,4.1,7.9,3.4,1.2,0.8,1.9,15.0,0.0,152386,4.9,13.1,12.5,7.1,15.9,46.2,70.9,2.6,2.7,8.7,3.1,187.6,4.9,13.1,12.5,7.1,15.9,46.2,70.9,2.6,2.7,8.7,3.1,187.6,1.1
2014-12-01,4.4,7.6,3.9,1.2,0.9,2.0,18.3,0.0,141436,7.6,14.9,13.0,12.0,20.0,59.9,62.0,2.7,3.0,14.0,3.2,212.3,7.6,14.9,13.0,12.0,20.0,59.9,62.0,2.7,3.0,14.0,3.2,212.3,0.3
2015-01-01,4.4,7.2,3.7,1.2,1.0,2.0,49.0,0.0,94355,3.6,9.0,9.6,7.8,8.9,38.1,55.0,1.9,3.7,8.3,2.0,147.9,3.6,9.0,9.6,7.8,8.9,38.1,55.0,1.9,3.7,8.3,2.0,147.9,-0.4
2015-02-01,4.2,7.7,3.8,1.2,1.2,1.9,67.5,0.0,124678,3.0,10.5,12.7,7.7,10.5,35.3,60.0,1.9,2.5,9.3,2.2,155.6,3.0,10.5,12.7,7.7,10.5,35.3,60.0,1.9,2.5,9.3,2.2,155.6,0.2
2015-03-01,3.9,6.3,3.6,1.2,1.0,2.1,60.9,0.0,131966,3.7,12.2,13.7,8.0,13.6,45.0,64.9,2.7,3.1,10.5,2.7,180.1,3.7,12.2,13.7,8.0,13.6,45.0,64.9,2.7,3.1,10.5,2.7,180.1,-0.1
2015-04-01,3.7,4.5,3.4,1.2,0.9,2.0,47.7,0.0,154535,2.0,12.1,12.8,6.9,12.8,43.9,64.4,3.2,2.2,10.9,2.5,173.9,2.0,12.1,12.8,6.9,12.8,43.9,64.4,3.2,2.2,10.9,2.5,173.9,-0.6
2015-05-01,3.4,3.3,3.3,1.1,0.3,1.8,43.0,0.0,196683,2.2,9.9,13.8,5.4,14.6,44.1,76.9,5.0,3.9,9.5,3.2,188.4,2.2,9.9,13.8,5.4,14.6,44.1,76.9,5.0,3.9,9.5,3.2,188.4,-0.9
2015-06-01,3.5,4.4,3.2,1.0,0.3,1.6,43.0,0.0,212446,2.1,12.4,14.8,6.7,18.8,49.5,86.4,7.1,4.9,10.9,3.4,217.2,2.1,12.4,14.8,6.7,18.8,49.5,86.4,7.1,4.9,10.9,3.4,217.2,0.2
2015-07-01,3.6,5.0,3.3,1.0,0.3,1.6,42.4,0.0,326502,1.6,11.8,14.7,4.7,11.6,51.7,99.3,12.4,5.2,9.2,3.3,225.5,1.6,11.8,14.7,4.7,11.6,51.7,99.3,12.4,5.2,9.2,3.3,225.5,-0.1
2015-08-01,3.5,5.6,3.4,1.0,0.4,1.6,31.1,0.0,231751,1.9,11.1,13.1,4.6,15.0,44.2,80.4,8.2,1.9,9.6,2.5,192.3,1.9,11.1,13.1,4.6,15.0,44.2,80.4,8.2,1.9,9.6,2.5,192.3,0.3
2015-09-01,3.6,5.4,3.4,1.0,0.3,1.6,27.7,0.0,165018,2.7,11.9,15.5,5.7,18.7,44.3,73.6,4.6,2.6,10.2,3.0,192.8,2.7,11.9,15.5,5.7,18.7,44.3,73.6,4.6,2.6,10.2,3.0,192.8,0.2
2015-10-01,3.9,6.3,3.6,0.9,0.1,1.7,29.4,0.0,185200,4.1,18.0,13.9,7.1,18.1,45.3,69.4,3.1,2.6,11.0,2.9,195.4,4.1,18.0,13.9,7.1,18.1,45.3,69.4,3.1,2.6,11.0,2.9,195.4,0.7
2015-11-01,3.8,4.9,3.6,1.0,0.1,1.8,34.2,0.0,146271,5.5,13.9,14.6,6.5,17.4,45.9,68.3,3.0,2.2,10.1,2.6,189.8,5.5,13.9,14.6,6.5,17.4,45.9,68.3,3.0,2.2,10.1,2.6,189.8,0.3
2015-12-01,4.2,6.2,3.6,1.1,0.1,1.9,36.6,0.0,139540,7.2,15.6,12.0,10.3,20.8,55.2,61.7,3.4,7.3,14.7,2.9,211.1,7.2,15.6,12.0,10.3,20.8,55.2,61.7,3.4,7.3,14.7,2.9,211.1,1.1
2016-01-01,4.0,5.8,3.4,1.0,0.3,1.8,72.0,0.0,93189,3.7,9.0,11.4,8.4,9.1,36.9,55.1,2.3,3.8,8.3,2.2,150.2,3.7,9.0,11.4,8.4,9.1,36.9,55.1,2.3,3.8,8.3,2.2,150.2,1.0
2016-02-01,4.0,6.0,3.5,1.1,0.7,1.9,70.4,0.0,118405,3.0,10.4,13.7,8.4,11.9,38.3,60.8,2.2,2.2,9.7,2.6,163.2,3.0,10.4,13.7,8.4,11.9,38.3,60.8,2.2,2.2,9.7,2.6,163.2,0.4
2016-03-01,3.7,6.0,3.1,1.2,0.7,1.9,53.0,0.0,158194,2.8,11.9,15.5,8.4,14.2,43.6,68.1,3.3,2.7,10.0,3.7,184.3,2.8,11.9,15.5,8.4,14.2,43.6,68.1,3.3,2.7,10.0,3.7,184.3,1.3
2016-04-01,3.5,5.0,3.4,1.2,0.5,2.0,59.3,0.0,140633,2.1,12.3,13.4,7.1,12.7,45.1,67.6,3.4,1.9,10.6,2.6,178.8,2.1,12.3,13.4,7.1,12.7,45.1,67.6,3.4,1.9,10.6,2.6,178.8,1.6
2016-05-01,3.5,4.1,3.3,1.2,0.5,1.8,52.3,0.0,192948,2.5,10.4,15.4,5.1,14.5,45.6,69.5,5.5,2.0,8.9,3.3,182.8,2.5,10.4,15.4,5.1,14.5,45.6,69.5,5.5,2.0,8.9,3.3,182.8,0.9
2016-06-01,3.7,4.8,3.4,1.1,0.5,1.8,34.0,0.0,205235,2.5,12.8,14.8,7.1,16.1,49.2,81.0,7.0,4.7,11.4,3.6,210.2,2.5,12.8,14.8,7.1,16.1,49.2,81.0,7.0,4.7,11.4,3.6,210.2,-0.1
2016-07-01,4.0,6.2,3.3,1.1,0.6,1.8,25.6,0.0,327009,1.9,10.6,9.1,4.8,11.7,49.5,90.8,13.4,3.3,9.8,3.8,208.6,1.9,10.6,9.1,4.8,11.7,49.5,90.8,13.4,3.3,9.8,3.8,208.6,0.2
2016-08-01,3.6,6.0,3.1,1.1,0.5,1.7,39.8,0.0,232083,2.3,12.4,12.3,5.7,11.0,48.9,75.0,8.3,1.9,10.0,3.3,190.9,2.3,12.4,12.3,5.7,11.0,48.9,75.0,8.3,1.9,10.0,3.3,190.9,-0.1
2016-09-01,3.4,4.7,3.2,1.0,0.5,1.7,41.4,0.0,164998,3.9,12.4,13.3,5.7,15.5,44.9,66.2,4.9,2.6,10.4,4.0,183.8,3.9,12.4,13.3,5.7,15.5,44.9,66.2,4.9,2.6,10.4,4.0,183.8,0.0
2016-10-01,3.6,5.0,3.2,0.9,0.4,1.8,26.7,0.0,167812,6.2,16.0,13.2,7.1,14.2,45.1,66.4,3.4,1.9,11.0,2.8,187.5,6.2,16.0,13.2,7.1,14.2,45.1,66.4,3.4,1.9,11.0,2.8,187.5,0.3
2016-11-01,3.7,5.0,3.3,0.9,0.5,1.7,27.6,0.0,144688,7.4,15.0,14.7,7.4,13.8,50.6,63.2,3.0,2.3,9.2,2.9,189.4,7.4,15.0,14.7,7.4,13.8,50.6,63.2,3.0,2.3,9.2,2.9,189.4,0.6
2016-12-01,4.0,4.6,3.6,1.0,0.5,1.7,38.0,0.0,139078,8.3,15.4,14.4,10.5,19.9,55.3,55.2,3.5,7.2,16.6,2.9,209.0,8.3,15.4,14.4,10.5,19.9,55.3,55.2,3.5,7.2,16.6,2.9,209.0,1.0
2017-01-01,3.9,5.4,3.4,1.0,0.8,1.6,58.9,0.0,78296,4.2,8.4,13.4,7.9,9.4,39.6,50.0,2.3,3.0,10.9,2.1,151.3,4.2,8.4,13.4,7.9,9.4,39.6,50.0,2.3,3.0,10.9,2.1,151.3,1.5
2017-02-01,3.8,5.4,3.5,1.0,0.7,1.6,66.8,0.0,119244,3.0,10.6,13.8,7.6,10.8,37.9,59.8,2.2,2.7,10.0,2.3,160.8,3.0,10.6,13.8,7.6,10.8,37.9,59.8,2.2,2.7,10.0,2.3,160.8,2.1
2017-03-01,3.7,5.4,3.5,1.0,0.6,1.7,61.8,0.0,137441,2.6,12.0,15.4,7.9,13.8,45.1,62.6,2.9,2.9,10.7,2.8,178.7,2.6,12.0,15.4,7.9,13.8,45.1,62.6,2.9,2.9,10.7,2.8,178.7,1.3
2017-04-01,3.6,4.5,3.4,1.1,0.5,1.9,62.3,0.0,161886,2.1,13.2,14.5,6.8,11.9,44.9,62.9,3.2,2.1,11.4,2.8,175.9,2.1,13.2,14.5,6.8,11.9,44.9,62.9,3.2,2.1,11.4,2.8,175.9,1.2
2017-05-01,3.4,3.4,3.2,1.0,0.3,1.9,38.0,0.0,182057,2.3,10.3,16.0,5.6,15.4,48.5,77.7,5.3,2.9,11.0,3.2,198.3,2.3,10.3,16.0,5.6,15.4,48.5,77.7,5.3,2.9,11.0,3.2,198.3,2.0
2017-06-01,3.5,4.0,3.2,1.0,0.2,1.8,33.7,0.0,207112,3.0,13.2,15.9,6.5,17.7,47.5,79.5,7.2,3.4,12.9,3.0,209.8,3.0,13.2,15.9,6.5,17.7,47.5,79.5,7.2,3.4,12.9,3.0,209.8,1.9
2017-07-01,3.8,4.2,3.3,1.1,0.2,1.8,32.7,0.0,337900,2.7,11.7,11.6,4.3,10.5,49.0,92.2,13.3,3.0,11.6,3.3,213.2,2.7,11.7,11.6,4.3,10.5,49.0,92.2,13.3,3.0,11.6,3.3,213.2,1.6
2017-08-01,3.4,3.7,3.0,1.1,0.1,1.5,41.0,0.0,237346,2.9,12.2,15.2,5.4,13.2,46.7,74.6,8.5,3.5,11.2,2.9,196.1,2.9,12.2,15.2,5.4,13.2,46.7,74.6,8.5,3.5,11.2,2.9,196.1,1.7
2017-09-01,3.3,3.9,3.1,1.1,0.3,1.6,27.9,0.0,169131,3.6,13.8,12.7,5.4,14.1,44.3,64.9,5.0,3.0,10.0,2.8,179.5,3.6,13.8,12.7,5.4,14.1,44.3,64.9,5.0,3.0,10.0,2.8,179.5,1.9
2017-10-01,3.7,4.8,3.4,1.1,0.2,1.7,28.2,0.0,163661,7.4,17.5,15.0,6.8,16.2,47.7,66.8,3.4,2.5,12.6,2.7,198.7,7.4,17.5,15.0,6.8,16.2,47.7,66.8,3.4,2.5,12.6,2.7,198.7,1.5
2017-11-01,3.7,4.6,3.5,1.0,0.2,1.7,31.8,0.0,148348,8.4,16.2,15.6,6.8,16.6,45.1,66.9,3.0,2.3,10.4,2.7,194.0,8.4,16.2,15.6,6.8,16.6,45.1,66.9,3.0,2.3,10.4,2.7,194.0,2.0
2017-12-01,3.8,4.6,3.7,1.1,0.1,1.8,39.6,0.0,144432,7.9,14.1,13.7,9.5,17.8,47.8,59.5,3.3,6.6,14.1,3.5,197.7,7.9,14.1,13.7,9.5,17.8,47.8,59.5,3.3,6.6,14.1,3.5,197.7,1.8
2018-01-01,3.9,5.4,3.7,1.1,0.2,1.7,87.0,0.0,99032,8.0,9.7,14.5,7.1,10.1,38.6,61.3,2.3,2.3,9.6,2.5,166.0,8.0,9.7,14.5,7.1,10.1,38.6,61.3,2.3,2.3,9.6,2.5,166.0,1.0
2018-02-01,3.9,4.9,4.0,1.2,0.2,1.9,87.9,0.0,113872,5.0,10.6,12.8,8.2,11.1,33.8,55.8,2.2,4.5,10.1,2.4,156.6,5.0,10.6,12.8,8.2,11.1,33.8,55.8,2.2,4.5,10.1,2.4,156.6,0.6
2018-03-01,3.9,5.1,4.0,1.3,0.5,2.0,69.4,0.0,144057,2.6,12.1,15.9,9.0,11.8,40.5,60.1,2.8,3.6,9.9,2.9,171.1,2.6,12.1,15.9,9.0,11.8,40.5,60.1,2.8,3.6,9.9,2.9,171.1,1.2
2018-04-01,3.7,4.8,3.7,1.4,0.4,2.2,70.3,0.0,154673,2.1,12.6,16.6,6.8,11.3,41.1,60.5,3.6,3.1,11.6,2.6,171.9,2.1,12.6,16.6,6.8,11.3,41.1,60.5,3.6,3.1,11.6,2.6,171.9,1.4
2018-05-01,3.3,3.9,3.6,1.2,0.4,2.0,65.0,0.0,190256,3.3,10.8,14.9,4.4,15.6,48.8,74.9,5.3,2.4,9.7,3.2,193.4,3.3,10.8,14.9,4.4,15.6,48.8,74.9,5.3,2.4,9.7,3.2,193.4,1.2
2018-06-01,3.5,4.6,3.5,1.1,0.4,2.0,47.0,0.0,199844,2.4,12.7,15.3,5.9,14.7,44.7,80.4,6.9,4.6,11.9,3.4,203.0,2.4,12.7,15.3,5.9,14.7,44.7,80.4,6.9,4.6,11.9,3.4,203.0,1.1
2018-07-01,3.7,5.2,3.7,1.3,0.3,2.1,38.6,0.0,323675,1.9,11.7,9.6,5.2,10.5,46.4,87.7,13.1,2.7,10.5,3.8,203.0,1.9,11.7,9.6,5.2,10.5,46.4,87.7,13.1,2.7,10.5,3.8,203.0,1.5
2018-08-01,3.3,4.5,3.6,1.2,0.4,2.2,47.4,0.0,236218,2.4,13.0,11.6,5.4,13.1,44.1,77.1,8.2,3.2,10.5,3.0,191.6,2.4,13.0,11.6,5.4,13.1,44.1,77.1,8.2,3.2,10.5,3.0,191.6,1.6
2018-09-01,3.2,4.8,3.4,1.2,0.4,2.2,32.4,0.0,161072,3.3,12.3,16.3,5.6,15.0,40.3,66.0,5.0,3.0,9.8,3.0,179.7,3.3,12.3,16.3,5.6,15.0,40.3,66.0,5.0,3.0,9.8,3.0,179.7,1.7
2018-10-01,3.1,5.1,3.1,1.1,0.3,2.1,33.4,0.0,165876,5.9,18.5,12.9,6.8,16.5,44.6,66.2,3.6,2.7,11.9,3.6,193.2,5.9,18.5,12.9,6.8,16.5,44.6,66.2,3.6,2.7,11.9,3.6,193.2,1.8
2018-11-01,3.3,5.3,3.1,1.0,0.5,1.9,36.4,0.0,148973,7.3,17.4,14.4,6.6,16.0,44.4,69.0,3.0,2.5,9.6,3.1,193.3,7.3,17.4,14.4,6.6,16.0,44.4,69.0,3.0,2.5,9.6,3.1,193.3,1.3
2018-12-01,3.6,5.6,3.4,1.1,0.5,2.0,48.3,0.0,150962,8.0,15.3,13.0,10.5,22.3,48.1,63.2,3.4,7.2,13.9,3.6,208.6,8.0,15.3,13.0,10.5,22.3,48.1,63.2,3.4,7.2,13.9,3.6,208.6,1.0
2019-01-01,3.7,5.8,3.9,1.0,0.5,1.9,85.6,0.0,68971,5.8,10.5,14.2,8.0,9.6,36.5,48.3,2.7,2.6,8.3,2.8,149.4,5.8,10.5,14.2,8.0,9.6,36.5,48.3,2.7,2.6,8.3,2.8,149.4,1.3
2019-02-01,3.8,5.7,3.9,1.1,0.7,2.0,93.0,0.0,124967,4.7,11.1,13.4,8.5,12.0,31.1,55.0,2.4,3.5,9.7,2.9,154.2,4.7,11.1,13.4,8.5,12.0,31.1,55.0,2.4,3.5,9.7,2.9,154.2,1.4
2019-03-01,3.6,5.9,3.7,1.1,0.8,2.0,92.8,0.0,135460,3.0,12.7,15.2,8.8,15.1,37.6,60.9,3.0,3.7,9.7,2.9,172.6,3.0,12.7,15.2,8.8,15.1,37.6,60.9,3.0,3.7,9.7,2.9,172.6,1.0
2019-04-01,3.4,5.3,3.8,1.2,1.1,2.1,86.6,0.0,134054,4.1,14.4,15.5,6.4,14.4,41.0,62.4,3.6,2.3,11.8,3.5,179.5,4.1,14.4,15.5,6.4,14.4,41.0,62.4,3.6,2.3,11.8,3.5,179.5,1.4
2019-05-01,3.2,4.9,3.4,1.2,1.1,1.9,73.1,0.0,186439,3.5,12.3,16.4,5.2,14.1,45.8,73.4,5.5,2.6,10.1,4.0,193.0,3.5,12.3,16.4,5.2,14.1,45.8,73.4,5.5,2.6,10.1,4.0,193.0,1.0
2019-06-01,3.3,5.0,3.4,1.3,1.1,2.1,45.2,0.0,206581,3.1,13.6,13.8,6.0,15.7,42.3,77.8,7.5,4.9,11.5,3.5,199.6,3.1,13.6,13.8,6.0,15.7,42.3,77.8,7.5,4.9,11.5,3.5,199.6,0.6
2019-07-01,3.6,5.2,3.5,1.3,1.3,2.2,40.1,0.0,330292,2.7,13.5,13.8,4.5,13.0,44.6,89.9,13.5,3.7,11.0,4.5,214.7,2.7,13.5,13.8,4.5,13.0,44.6,89.9,13.5,3.7,11.0,4.5,214.7,0.5
2019-08-01,3.3,5.0,3.4,1.2,1.0,2.0,41.2,0.0,240430,2.7,13.5,13.7,5.5,13.9,39.5,75.1,8.1,3.6,10.2,4.1,189.8,2.7,13.5,13.7,5.5,13.9,39.5,75.1,8.1,3.6,10.2,4.1,189.8,0.4
2019-09-01,3.5,5.4,3.5,1.2,0.9,1.8,25.3,0.0,161594,3.7,13.9,14.8,5.8,16.7,38.5,63.5,5.1,3.3,10.2,5.0,180.4,3.7,13.9,14.8,5.8,16.7,38.5,63.5,5.1,3.3,10.2,5.0,180.4,0.3
2019-10-01,3.4,5.4,3.4,1.1,0.8,1.6,30.4,0.0,166521,6.1,19.6,15.1,7.0,15.8,41.8,67.5,3.4,2.6,12.9,4.2,196.2,6.1,19.6,15.1,7.0,15.8,41.8,67.5,3.4,2.6,12.9,4.2,196.2,0.1
2019-11-01,3.5,5.4,3.7,1.1,0.8,1.7,35.5,0.0,144908,7.6,17.1,15.7,7.0,14.7,39.7,61.5,3.2,2.6,10.7,4.4,184.3,7.6,17.1,15.7,7.0,14.7,39.7,61.5,3.2,2.6,10.7,4.4,184.3,0.3
2019-12-01,3.9,5.6,4.1,1.3,1.0,2.0,32.3,0.0,143673,8.9,16.4,11.7,10.2,18.4,44.7,58.0,4.0,10.4,15.1,5.3,203.1,8.9,16.4,11.7,10.2,18.4,44.7,58.0,4.0,10.4,15.1,5.3,203.1,0.4
2020-01-01,3.7,5.8,3.9,1.2,0.9,2.0,69.7,0.0,102431,5.0,10.9,12.8,6.9,9.0,34.4,48.3,2.8,3.9,10.2,3.8,148.0,5.0,10.9,12.8,6.9,9.0,34.4,48.3,2.8,3.9,10.2,3.8,148.0,0.3
2020-02-01,3.7,5.2,3.7,1.3,0.8,2.1,70.6,0.0,115454,3.7,12.1,11.9,7.6,11.0,32.1,55.0,2.4,5.4,9.9,3.5,154.6,3.7,12.1,11.9,7.6,11.0,32.1,55.0,2.4,5.4,9.9,3.5,154.6,0.2
2020-03-01,8.5,12.6,7.1,1.4,1.0,2.2,16.7,8.0,42579,2.8,12.7,16.0,8.0,12.7,34.2,33.7,1.9,3.5,10.3,4.0,139.9,2.8,12.7,16.0,8.0,12.7,34.2,33.7,1.9,3.5,10.3,4.0,139.9,-0.1
2020-04-01,12.7,18.7,10.7,1.6,1.1,2.4,6.6,3.0,3012,3.1,15.0,12.9,6.6,12.8,35.7,19.6,1.1,3.0,10.3,3.5,123.5,3.1,15.0,12.9,6.6,12.8,35.7,19.6,1.1,3.0,10.3,3.5,123.5,-1.2
2020-05-01,13.4,20.7,11.1,1.7,1.2,2.4,4.2,2.0,8040,2.8,9.9,13.6,5.0,13.8,35.8,20.9,1.3,3.7,9.1,3.0,118.9,2.8,9.9,13.6,5.0,13.8,35.8,20.9,1.3,3.7,9.1,3.0,118.9,-1.0
2020-06-01,12.7,20.8,10.7,1.7,1.4,2.5,3.9,6.0,37430,2.4,15.0,15.1,5.9,15.2,41.2,27.6,3.8,4.5,11.4,3.7,145.9,2.4,15.0,15.1,5.9,15.2,41.2,27.6,3.8,4.5,11.4,3.7,145.9,-0.5
2020-07-01,11.2,17.6,9.6,1.9,2.0,2.6,4.2,1.0,123003,2.3,14.0,11.7,4.5,10.0,39.1,42.5,9.3,3.7,9.4,4.2,150.8,2.3,14.0,11.7,4.5,10.0,39.1,42.5,9.3,3.7,9.4,4.2,150.8,-0.6
2020-08-01,10.5,14.8,10.0,2.0,2.1,2.6,6.2,1.0,77594,3.4,13.0,10.3,5.3,11.9,35.5,27.9,5.6,2.8,10.2,3.7,129.6,3.4,13.0,10.3,5.3,11.9,35.5,27.9,5.6,2.8,10.2,3.7,129.6,-0.4
2020-09-01,10.0,10.5,9.8,4.0,3.5,4.4,4.6,1.0,58947,3.4,17.1,12.3,5.6,17.0,37.7,34.3,3.4,3.4,10.6,3.6,148.4,3.4,17.1,12.3,5.6,17.0,37.7,34.3,3.4,3.4,10.6,3.6,148.4,-0.7
2020-10-01,9.3,10.1,9.4,5.4,2.9,6.7,6.1,18.0,55403,5.1,18.7,13.4,6.4,15.0,39.3,34.7,3.0,4.0,11.9,4.1,155.7,5.1,18.7,13.4,6.4,15.0,39.3,34.7,3.0,4.0,11.9,4.1,155.7,-0.4
2020-11-01,9.1,10.0,9.6,5.1,2.9,6.3,8.1,11.0,28772,6.3,17.2,13.2,6.3,17.8,39.2,27.3,3.3,4.5,10.5,3.7,149.3,6.3,17.2,13.2,6.3,17.8,39.2,27.3,3.3,4.5,10.5,3.7,149.3,-0.5
2020-12-01,9.4,9.9,9.6,4.9,2.5,6.2,8.1,127.0,26540,8.5,19.0,13.5,10.0,22.6,46.0,28.6,2.6,11.4,16.2,4.6,182.8,8.5,19.0,13.5,10.0,22.6,46.0,28.6,2.6,11.4,16.2,4.6,182.8,-0.1
2021-01-01,9.1,10.4,9.1,4.7,2.5,6.1,20.3,18.0,17792,4.2,10.8,11.1,8.0,7.6,27.9,24.9,1.7,5.5,8.8,3.6,114.1,4.2,10.8,11.1,8.0,7.6,27.9,24.9,1.7,5.5,8.8,3.6,114.1,0.2
2021-02-01,8.9,10.2,8.8,4.6,2.5,6.0,22.4,136.0,20043,3.9,12.5,12.9,10.0,10.5,30.4,25.2,1.7,3.0,10.7,3.6,124.5,3.9,12.5,12.9,10.0,10.5,30.4,25.2,1.7,3.0,10.7,3.6,124.5,0.3
2021-03-01,9.5,11.3,8.9,4.8,2.9,6.3,24.2,75.0,18679,3.4,15.0,16.6,8.9,14.3,37.9,29.1,1.4,4.3,11.0,4.0,145.8,3.4,15.0,16.6,8.9,14.3,37.9,29.1,1.4,4.3,11.0,4.0,145.8,0.6
2021-04-01,8.5,10.3,8.2,4.4,3.2,5.5,17.4,48.0,24984,3.1,14.9,13.9,7.4,14.7,37.2,27.2,2.0,3.9,11.2,3.9,139.3,3.1,14.9,13.9,7.4,14.7,37.2,27.2,2.0,3.9,11.2,3.9,139.3,1.5
2021-05-01,7.1,8.9,6.5,3.4,3.0,4.1,23.2,7.0,42545,3.2,12.6,15.6,6.2,16.8,42.1,37.3,3.5,4.2,10.5,4.6,156.5,3.2,12.6,15.6,6.2,16.8,42.1,37.3,3.5,4.2,10.5,4.6,156.5,1.6
2021-06-01,6.4,7.2,5.9,3.4,2.9,4.1,33.2,5.0,88516,3.0,15.9,14.5,7.0,17.4,44.4,54.6,6.5,7.2,13.1,4.5,188.1,3.0,15.9,14.5,7.0,17.4,44.4,54.6,6.5,7.2,13.1,4.5,188.1,1.7
2021-07-01,6.1,6.9,5.9,3.4,2.8,3.9,24.8,46.0,207066,2.1,15.4,11.4,5.4,11.3,45.5,64.0,15.3,4.2,10.9,5.1,190.7,2.1,15.4,11.4,5.4,11.3,45.5,64.0,15.3,4.2,10.9,5.1,190.7,1.8
2021-08-01,5.6,6.2,5.6,3.1,2.8,3.6,21.0,34.0,117916,3.2,13.8,12.5,6.9,14.9,40.5,51.5,8.5,4.6,10.9,5.0,172.4,3.2,13.8,12.5,6.9,14.9,40.5,51.5,8.5,4.6,10.9,5.0,172.4,2.3
2021-09-01,5.3,6.0,5.4,2.8,2.0,3.5,33.3,12.0,88856,3.8,18.1,15.8,8.1,18.0,39.0,50.4,5.3,4.1,12.0,5.1,179.8,3.8,18.1,15.8,8.1,18.0,39.0,50.4,5.3,4.1,12.0,5.1,179.8,2.4
2021-10-01,5.0,5.1,5.2,2.6,1.4,3.6,34.9,13.0,99649,5.8,18.8,14.5,8.3,18.3,42.0,55.7,4.5,4.4,11.2,5.8,189.3,5.8,18.8,14.5,8.3,18.3,42.0,55.7,4.5,4.4,11.2,5.8,189.3,2.3
2021-11-01,4.9,4.2,5.2,2.5,1.0,3.5,43.6,53.0,89459,7.5,18.3,16.6,8.2,17.8,46.4,56.5,3.9,6.2,10.3,5.0,196.5,7.5,18.3,16.6,8.2,17.8,46.4,56.5,3.9,6.2,10.3,5.0,196.5,3.0
2021-12-01,5.2,5.2,5.4,2.5,0.9,3.5,37.1,640.0,69453,8.8,19.3,18.9,19.5,23.8,47.0,44.6,3.5,15.5,17.9,5.5,224.2,8.8,19.3,18.9,19.5,23.8,47.0,44.6,3.5,15.5,17.9,5.5,224.2,2.8
2022-01-01,5.8,7.8,5.6,2.5,1.1,3.5,66.0,2922.0,16881,5.1,11.5,12.2,10.8,10.2,31.4,29.8,1.4,5.8,9.8,4.8,132.8,5.1,11.5,12.2,10.8,10.2,31.4,29.8,1.4,5.8,9.8,4.8,132.8,3.1
2022-02-01,5.7,7.9,5.6,2.6,1.2,3.5,79.3,2892.0,39641,4.3,12.9,14.5,10.6,11.9,33.3,39.5,1.9,4.2,10.8,4.5,148.5,4.3,12.9,14.5,10.6,11.9,33.3,39.5,1.9,4.2,10.8,4.5,148.5,3.4
2022-03-01,5.2,6.3,5.0,2.4,1.4,3.3,73.3,1973.0,72007,3.0,14.9,14.8,11.6,15.6,40.7,58.8,3.1,4.8,12.4,5.4,185.1,3.0,14.9,14.8,11.6,15.6,40.7,58.8,3.1,4.8,12.4,5.4,185.1,5.4
2022-04-01,4.5,6.1,4.3,2.2,1.6,2.9,66.0,494.0,107955,2.7,15.2,14.6,10.2,16.2,40.7,69.0,3.8,5.5,11.2,5.1,194.1,2.7,15.2,14.6,10.2,16.2,40.7,69.0,3.8,5.5,11.2,5.1,194.1,5.3
2022-05-01,4.1,5.2,4.1,2.1,1.8,2.7,57.3,177.0,133326,3.0,13.4,16.7,10.2,22.4,48.7,77.0,5.9,4.5,12.2,4.8,218.7,3.0,13.4,16.7,10.2,22.4,48.7,77.0,5.9,4.5,12.2,4.8,218.7,6.1
2022-06-01,4.0,4.7,3.9,2.1,1.6,2.6,40.5,76.0,158047,3.8,17.0,19.0,9.1,18.3,50.0,83.6,9.2,7.1,14.5,5.1,236.6,3.8,17.0,19.0,9.1,18.3,50.0,83.6,9.2,7.1,14.5,5.1,236.6,6.8
2022-07-01,4.1,4.9,4.1,2.2,1.6,2.7,43.8,224.0,250278,2.7,15.2,13.6,6.9,10.9,47.1,96.1,15.8,5.2,11.8,4.9,230.2,2.7,15.2,13.6,6.9,10.9,47.1,96.1,15.8,5.2,11.8,4.9,230.2,6.8
2022-08-01,3.9,4.8,3.7,2.0,1.6,2.6,46.6,220.0,159345,4.0,15.8,17.0,11.1,15.3,46.7,78.2,9.6,3.9,11.9,4.4,217.8,4.0,15.8,17.0,11.1,15.3,46.7,78.2,9.6,3.9,11.9,4.4,217.8,6.2
2022-09-01,4.1,5.3,4.2,2.0,1.5,2.6,39.4,75.0,110173,5.3,19.8,16.5,12.5,15.2,45.4,69.0,5.7,4.1,13.6,4.4,211.4,5.3,19.8,16.5,12.5,15.2,45.4,69.0,5.7,4.1,13.6,4.4,211.4,7.4
2022-10-01,4.0,5.3,4.1,1.9,1.3,2.4,35.7,153.0,110492,8.5,19.0,18.6,11.2,17.3,43.3,68.9,4.1,5.2,11.9,4.7,212.6,8.5,19.0,18.6,11.2,17.3,43.3,68.9,4.1,5.2,11.9,4.7,212.6,9.5
2022-11-01,3.9,5.7,4.2,1.9,1.3,2.5,34.5,168.0,99106,9.9,19.8,18.1,13.4,17.2,51.0,67.4,3.4,4.2,12.4,4.8,221.5,9.9,19.8,18.1,13.4,17.2,51.0,67.4,3.4,4.2,12.4,4.8,221.5,9.7
2022-12-01,4.4,6.3,4.5,1.9,1.1,2.5,48.6,181.0,98288,13.5,19.0,18.6,28.1,22.9,54.0,59.4,4.0,11.3,18.2,5.6,254.5,13.5,19.0,18.6,28.1,22.9,54.0,59.4,4.0,11.3,18.2,5.6,254.5,9.8
2023-01-01,4.6,7.8,4.4,1.9,1.5,2.3,96.8,38.0,56107,8.1,13.9,16.4,15.8,10.3,34.7,49.6,2.7,5.2,11.6,4.6,172.8,8.1,13.9,16.4,15.8,10.3,34.7,49.6,2.7,5.2,11.6,4.6,172.8,10.7
2023-02-01,4.6,7.7,4.1,1.9,1.7,2.2,91.3,14.0,64756,4.3,17.2,15.1,15.2,12.4,34.5,55.0,2.7,4.6,11.6,3.7,176.3,4.3,17.2,15.1,15.2,12.4,34.5,55.0,2.7,4.6,11.6,3.7,176.3,11.3
2023-03-01,4.6,7.6,4.2,2.0,1.7,2.5,77.3,29.0,77525,2.5,22.1,18.7,13.5,15.3,42.3,64.6,3.4,4.9,14.1,4.0,205.6,2.5,22.1,18.7,13.5,15.3,42.3,64.6,3.4,4.9,14.1,4.0,205.6,9.0
2023-04-01,4.1,7.1,4.1,2.1,1.7,2.7,75.6,46.0,104863,4.1,27.6,14.5,10.0,14.2,40.8,67.1,3.8,4.9,12.7,3.8,203.6,4.1,27.6,14.5,10.0,14.2,40.8,67.1,3.8,4.9,12.7,3.8,203.6,9.4
2023-05-01,4.1,7.5,3.6,1.9,1.9,2.5,48.6,18.0,120762,3.5,27.8,18.9,8.3,17.7,49.1,79.4,5.6,5.4,14.2,3.7,233.7,3.5,27.8,18.9,8.3,17.7,49.1,79.4,5.6,5.4,14.2,3.7,233.7,7.6
2023-06-01,4.0,7.2,3.6,2.0,2.1,2.5,33.5,6.0,141737,3.5,29.3,18.0,6.8,19.5,47.4,87.1,9.2,7.1,15.1,4.5,247.7,3.5,29.3,18.0,6.8,19.5,47.4,87.1,9.2,7.1,15.1,4.5,247.7,7.6
2023-07-01,4.1,7.2,3.6,1.9,2.2,2.4,32.9,4.0,193815,2.5,26.4,14.2,5.7,12.9,45.4,91.0,15.8,4.8,12.9,4.5,236.0,2.5,26.4,14.2,5.7,12.9,45.4,91.0,15.8,4.8,12.9,4.5,236.0,7.9
2023-08-01,3.8,7.7,3.6,1.8,2.3,2.3,48.9,6.0,139003,3.3,25.2,16.2,6.6,14.1,42.9,75.2,8.7,4.6,13.0,4.2,213.9,3.3,25.2,16.2,6.6,14.1,42.9,75.2,8.7,4.6,13.0,4.2,213.9,8.1
2023-09-01,4.0,7.6,3.6,1.8,2.2,2.2,41.3,12.0,107994,4.4,28.6,17.3,5.9,17.2,42.2,65.9,5.1,7.1,14.1,4.0,211.8,4.4,28.6,17.3,5.9,17.2,42.2,65.9,5.1,7.1,14.1,4.0,211.8,7.7
2023-10-01,3.9,6.7,3.7,1.8,2.3,2.0,38.0,32.0,95748,6.9,29.4,19.9,11.5,18.0,44.1,66.6,3.6,5.4,13.7,4.0,223.1,6.9,29.4,19.9,11.5,18.0,44.1,66.6,3.6,5.4,13.7,4.0,223.1,5.7
2023-11-01,4.0,7.6,3.9,1.8,2.4,2.1,39.1,64.0,84981,9.9,31.2,17.7,11.3,19.6,47.3,64.3,3.5,4.8,13.0,3.4,226.1,9.9,31.2,17.7,11.3,19.6,47.3,64.3,3.5,4.8,13.0,3.4,226.1,4.9
2023-12-01,4.5,8.2,4.3,1.9,2.6,2.3,54.3,45.0,89524,10.1,29.9,17.2,14.8,19.7,46.9,57.2,4.2,11.7,21.2,3.9,236.7,10.1,29.9,17.2,14.8,19.7,46.9,57.2,4.2,11.7,21.2,3.9,236.7,4.7
